电影名, 评分, url, 图片地址
燃烧,7.9,https://movie.douban.com/subject/26842702/,https://img1.doubanio.com/view/photo/s_ratio_poster/public/p2520095279.jpg
超时空同居,7.0,https://movie.douban.com/subject/27133303/,https://img1.doubanio.com/view/photo/s_ratio_poster/public/p2520331478.jpg
犬之岛,8.3,https://movie.douban.com/subject/26640371/,https://img3.doubanio.com/view/photo/s_ratio_poster/public/p2518856022.jpg
爱你，西蒙,8.3,https://movie.douban.com/subject/26654498/,https://img1.doubanio.com/view/photo/s_ratio_poster/public/p2523592367.jpg
暴裂无声,8.2,https://movie.douban.com/subject/26647117/,https://img3.doubanio.com/view/photo/s_ratio_poster/public/p2517333671.jpg
后来的我们,5.9,https://movie.douban.com/subject/26683723/,https://img1.doubanio.com/view/photo/s_ratio_poster/public/p2519994468.jpg
三块广告牌,8.7,https://movie.douban.com/subject/26611804/,https://img1.doubanio.com/view/photo/s_ratio_poster/public/p2510081688.jpg
头号玩家,8.7,https://movie.douban.com/subject/4920389/,https://img1.doubanio.com/view/photo/s_ratio_poster/public/p2516578307.jpg
寂静之地,6.3,https://movie.douban.com/subject/26997663/,https://img3.doubanio.com/view/photo/s_ratio_poster/public/p2518852413.jpg
血观音,8.1,https://movie.douban.com/subject/27113517/,https://img3.doubanio.com/view/photo/s_ratio_poster/public/p2518132366.jpg
湮灭,7.2,https://movie.douban.com/subject/26384741/,https://img1.doubanio.com/view/photo/s_ratio_poster/public/p2516914607.jpg
无问西东,7.6,https://movie.douban.com/subject/6874741/,https://img3.doubanio.com/view/photo/s_ratio_poster/public/p2507572275.jpg
环太平洋：雷霆再起,5.5,https://movie.douban.com/subject/20435622/,https://img3.doubanio.com/view/photo/s_ratio_poster/public/p2512933684.jpg
水形物语,7.2,https://movie.douban.com/subject/26752852/,https://img1.doubanio.com/view/photo/s_ratio_poster/public/p2515650989.jpg
厕所英雄,7.1,https://movie.douban.com/subject/26942645/,https://img1.doubanio.com/view/photo/s_ratio_poster/public/p2523632248.jpg
镰仓物语,6.8,https://movie.douban.com/subject/26916229/,https://img1.doubanio.com/view/photo/s_ratio_poster/public/p2500030418.jpg
伯德小姐,7.9,https://movie.douban.com/subject/26588314/,https://img3.doubanio.com/view/photo/s_ratio_poster/public/p2505925363.jpg
信笺故事,8.2,https://movie.douban.com/subject/26793852/,https://img3.doubanio.com/view/photo/s_ratio_poster/public/p2511250973.jpg
去年冬天与你分手,7.6,https://movie.douban.com/subject/27102505/,https://img3.doubanio.com/view/photo/s_ratio_poster/public/p2511323383.jpg
西小河的夏天,6.8,https://movie.douban.com/subject/26799232/,https://img3.doubanio.com/view/photo/s_ratio_poster/public/p2522331711.jpg
至暗时刻,8.5,https://movie.douban.com/subject/26761416/,https://img3.doubanio.com/view/photo/s_ratio_poster/public/p2504277551.jpg
奇迹男孩,8.6,https://movie.douban.com/subject/26787574/,https://img1.doubanio.com/view/photo/s_ratio_poster/public/p2507709428.jpg
嘉年华,8.3,https://movie.douban.com/subject/27019527/,https://img1.doubanio.com/view/photo/s_ratio_poster/public/p2503644828.jpg
狂暴巨兽,6.5,https://movie.douban.com/subject/26430636/,https://img3.doubanio.com/view/photo/s_ratio_poster/public/p2516079193.jpg
现在去见你,8.1,https://movie.douban.com/subject/27018285/,https://img1.doubanio.com/view/photo/s_ratio_poster/public/p2514384737.jpg
与神同行,7.7,https://movie.douban.com/subject/11584016/,https://img1.doubanio.com/view/photo/s_ratio_poster/public/p2500130777.jpg
红海行动,8.3,https://movie.douban.com/subject/26861685/,https://img3.doubanio.com/view/photo/s_ratio_poster/public/p2514119443.jpg
寻梦环游记,9.0,https://movie.douban.com/subject/20495023/,https://img1.doubanio.com/view/photo/s_ratio_poster/public/p2503997609.jpg
唐人街探案2,6.7,https://movie.douban.com/subject/26698897/,https://img3.doubanio.com/view/photo/s_ratio_poster/public/p2511355624.jpg
华盛顿邮报,8.2,https://movie.douban.com/subject/26990609/,https://img1.doubanio.com/view/photo/s_ratio_poster/public/p2505577378.jpg
古墓丽影：源起之战,6.0,https://movie.douban.com/subject/3445906/,https://img1.doubanio.com/view/photo/s_ratio_poster/public/p2512717509.jpg
前任3：再见前任,5.5,https://movie.douban.com/subject/26662193/,https://img1.doubanio.com/view/photo/s_ratio_poster/public/p2508926717.jpg
违命,6.7,https://movie.douban.com/subject/26884373/,https://img3.doubanio.com/view/photo/s_ratio_poster/public/p2517784872.jpg
幕后玩家,5.6,https://movie.douban.com/subject/26774033/,https://img3.doubanio.com/view/photo/s_ratio_poster/public/p2520543845.jpg
战狼2,7.1,https://movie.douban.com/subject/26363254/,https://img3.doubanio.com/view/photo/s_ratio_poster/public/p2494701965.jpg
黑豹,6.4,https://movie.douban.com/subject/6390825/,https://img3.doubanio.com/view/photo/s_ratio_poster/public/p2512123434.jpg
银翼杀手2049,8.3,https://movie.douban.com/subject/10512661/,https://img1.doubanio.com/view/photo/s_ratio_poster/public/p2501864539.jpg
芳华,7.7,https://movie.douban.com/subject/26862829/,https://img3.doubanio.com/view/photo/s_ratio_poster/public/p2507227732.jpg
忌日快乐,7.1,https://movie.douban.com/subject/27027913/,https://img3.doubanio.com/view/photo/s_ratio_poster/public/p2510057340.jpg
最终幻想女孩,7.4,https://movie.douban.com/subject/26946450/,https://img1.doubanio.com/view/photo/s_ratio_poster/public/p2497090967.jpg
昆池岩,6.1,https://movie.douban.com/subject/26945085/,https://img3.doubanio.com/view/photo/s_ratio_poster/public/p2513360824.jpg
魅影缝匠,7.6,https://movie.douban.com/subject/26809592/,https://img1.doubanio.com/view/photo/s_ratio_poster/public/p2506487968.jpg
相爱相亲,8.4,https://movie.douban.com/subject/26773744/,https://img3.doubanio.com/view/photo/s_ratio_poster/public/p2502311890.jpg
小丑回魂,7.3,https://movie.douban.com/subject/3604148/,https://img3.doubanio.com/view/photo/s_ratio_poster/public/p2452537144.jpg
捉妖记2,5.0,https://movie.douban.com/subject/26575103/,https://img3.doubanio.com/view/photo/s_ratio_poster/public/p2509643816.jpg
毒战,6.2,https://movie.douban.com/subject/26934399/,https://img3.doubanio.com/view/photo/s_ratio_poster/public/p2522806962.jpg
帕丁顿熊2,8.1,https://movie.douban.com/subject/26340419/,https://img1.doubanio.com/view/photo/s_ratio_poster/public/p2506466229.jpg
噩梦娃娃屋,6.8,https://movie.douban.com/subject/27012731/,https://img1.doubanio.com/view/photo/s_ratio_poster/public/p2514997577.jpg
恋爱回旋,7.1,https://movie.douban.com/subject/26972275/,https://img3.doubanio.com/view/photo/s_ratio_poster/public/p2515437624.jpg
东方快车谋杀案,6.9,https://movie.douban.com/subject/25790761/,https://img3.doubanio.com/view/photo/s_ratio_poster/public/p2502165084.jpg
神秘巨星,7.7,https://movie.douban.com/subject/26942674/,https://img3.doubanio.com/view/photo/s_ratio_poster/public/p2508925590.jpg
负重前行,6.9,https://movie.douban.com/subject/26793157/,https://img1.doubanio.com/view/photo/s_ratio_poster/public/p2518648419.jpg
妖猫传,6.9,https://movie.douban.com/subject/5350027/,https://img1.doubanio.com/view/photo/s_ratio_poster/public/p2507024497.jpg
米花之味,7.5,https://movie.douban.com/subject/27077266/,https://img3.doubanio.com/view/photo/s_ratio_poster/public/p2518728250.jpg
爱在记忆消逝前,8.1,https://movie.douban.com/subject/3036465/,https://img3.doubanio.com/view/photo/s_ratio_poster/public/p2513341534.jpg
比得兔,7.2,https://movie.douban.com/subject/26649604/,https://img3.doubanio.com/view/photo/s_ratio_poster/public/p2515434674.jpg
雷神3：诸神黄昏,7.4,https://movie.douban.com/subject/25821634/,https://img3.doubanio.com/view/photo/s_ratio_poster/public/p2500451074.jpg
羞辱,8.1,https://movie.douban.com/subject/27098888/,https://img1.doubanio.com/view/photo/s_ratio_poster/public/p2505204599.jpg
红雀,6.3,https://movie.douban.com/subject/25704492/,https://img3.doubanio.com/view/photo/s_ratio_poster/public/p2519628553.jpg
羞羞的铁拳,6.9,https://movie.douban.com/subject/27038183/,https://img1.doubanio.com/view/photo/s_ratio_poster/public/p2499793218.jpg
我，花样女王,8.0,https://movie.douban.com/subject/26756049/,https://img3.doubanio.com/view/photo/s_ratio_poster/public/p2508862676.jpg
我能说,8.8,https://movie.douban.com/subject/27000061/,https://img1.doubanio.com/view/photo/s_ratio_poster/public/p2498433749.jpg
黄金花,6.6,https://movie.douban.com/subject/26868408/,https://img3.doubanio.com/view/photo/s_ratio_poster/public/p2520198192.jpg
游戏之夜,7.1,https://movie.douban.com/subject/26949241/,https://img3.doubanio.com/view/photo/s_ratio_poster/public/p2514235105.jpg
真心话大冒险,5.8,https://movie.douban.com/subject/26998315/,https://img3.doubanio.com/view/photo/s_ratio_poster/public/p2509632893.jpg
王牌特工2：黄金圈,6.9,https://movie.douban.com/subject/26378579/,https://img3.doubanio.com/view/photo/s_ratio_poster/public/p2499792043.jpg
铁雨,8.1,https://movie.douban.com/subject/26863778/,https://img3.doubanio.com/view/photo/s_ratio_poster/public/p2505050710.jpg
养家之人,8.3,https://movie.douban.com/subject/26346327/,https://img3.doubanio.com/view/photo/s_ratio_poster/public/p2515184536.jpg
金钱世界,7.0,https://movie.douban.com/subject/26995719/,https://img1.doubanio.com/view/photo/s_ratio_poster/public/p2513253129.jpg
灾难艺术家,7.6,https://movie.douban.com/subject/25944886/,https://img3.doubanio.com/view/photo/s_ratio_poster/public/p2498866082.jpg
故事贩卖机,5.8,https://movie.douban.com/subject/27607392/,https://img1.doubanio.com/view/photo/s_ratio_poster/public/p2508067269.jpg
马戏之王,7.7,https://movie.douban.com/subject/3914513/,https://img3.doubanio.com/view/photo/s_ratio_poster/public/p2511346392.jpg
浪矢解忧杂货店,7.2,https://movie.douban.com/subject/26742730/,https://img3.doubanio.com/view/photo/s_ratio_poster/public/p2511434383.jpg
狐步舞,7.8,https://movie.douban.com/subject/26756258/,https://img3.doubanio.com/view/photo/s_ratio_poster/public/p2497789036.jpg
暴雪将至,7.0,https://movie.douban.com/subject/26775933/,https://img3.doubanio.com/view/photo/s_ratio_poster/public/p2505160594.jpg
烟花,5.3,https://movie.douban.com/subject/26930504/,https://img3.doubanio.com/view/photo/s_ratio_poster/public/p2504455660.jpg
太空救援,7.7,https://movie.douban.com/subject/27073291/,https://img3.doubanio.com/view/photo/s_ratio_poster/public/p2508922375.jpg
护航父母,6.6,https://movie.douban.com/subject/26665435/,https://img1.doubanio.com/view/photo/s_ratio_poster/public/p2513652639.jpg
猩球崛起3：终极之战,6.8,https://movie.douban.com/subject/25808075/,https://img3.doubanio.com/view/photo/s_ratio_poster/public/p2494096554.jpg
男人要自爱,7.5,https://movie.douban.com/subject/30195228/,https://img3.doubanio.com/view/photo/s_ratio_poster/public/p2522124933.jpg
正义联盟,6.5,https://movie.douban.com/subject/2158490/,https://img3.doubanio.com/view/photo/s_ratio_poster/public/p2504027804.jpg
西游记女儿国,4.4,https://movie.douban.com/subject/25829175/,https://img3.doubanio.com/view/photo/s_ratio_poster/public/p2511375626.jpg
勇往直前,8.4,https://movie.douban.com/subject/26718828/,https://img1.doubanio.com/view/photo/s_ratio_poster/public/p2506348908.jpg
护垫侠,7.7,https://movie.douban.com/subject/27198855/,https://img3.doubanio.com/view/photo/s_ratio_poster/public/p2504951544.jpg
嫁我吧，哥们,6.2,https://movie.douban.com/subject/27042413/,https://img1.doubanio.com/view/photo/s_ratio_poster/public/p2527186807.jpg
三生三世十里桃花,3.9,https://movie.douban.com/subject/25823277/,https://img1.doubanio.com/view/photo/s_ratio_poster/public/p2494279388.jpg
小森林,7.2,https://movie.douban.com/subject/26877492/,https://img3.doubanio.com/view/photo/s_ratio_poster/public/p2512152196.jpg
黑夜吞噬世界,6.2,https://movie.douban.com/subject/30136177/,https://img1.doubanio.com/view/photo/s_ratio_poster/public/p2512382777.jpg
解忧杂货店,5.1,https://movie.douban.com/subject/26654146/,https://img3.doubanio.com/view/photo/s_ratio_poster/public/p2503544593.jpg
童年的许诺,8.2,https://movie.douban.com/subject/26647163/,https://img3.doubanio.com/view/photo/s_ratio_poster/public/p2519406644.jpg
心理罪之城市之光,5.9,https://movie.douban.com/subject/26774722/,https://img3.doubanio.com/view/photo/s_ratio_poster/public/p2506228506.jpg
第三度嫌疑人,7.1,https://movie.douban.com/subject/26952153/,https://img3.doubanio.com/view/photo/s_ratio_poster/public/p2516825103.jpg
心理罪,4.9,https://movie.douban.com/subject/26698000/,https://img3.doubanio.com/view/photo/s_ratio_poster/public/p2492869971.jpg
荒城纪,6.8,https://movie.douban.com/subject/30167129/,https://img3.doubanio.com/view/photo/s_ratio_poster/public/p2521436620.jpg
勇敢者游戏：决战丛林,6.9,https://movie.douban.com/subject/26586766/,https://img3.doubanio.com/view/photo/s_ratio_poster/public/p2506258944.jpg
茉莉牌局,7.1,https://movie.douban.com/subject/26704137/,https://img3.doubanio.com/view/photo/s_ratio_poster/public/p2499148863.jpg
追龙,7.2,https://movie.douban.com/subject/26425068/,https://img3.doubanio.com/view/photo/s_ratio_poster/public/p2499052494.jpg
移动迷宫3：死亡解药,5.3,https://movie.douban.com/subject/26004132/,https://img3.doubanio.com/view/photo/s_ratio_poster/public/p2508618114.jpg
低压槽：欲望之城,4.4,https://movie.douban.com/subject/26924141/,https://img3.doubanio.com/view/photo/s_ratio_poster/public/p2520457270.jpg
摩天轮,7.0,https://movie.douban.com/subject/26822230/,https://img3.doubanio.com/view/photo/s_ratio_poster/public/p2504864722.jpg
五十度飞,5.2,https://movie.douban.com/subject/26323032/,https://img3.doubanio.com/view/photo/s_ratio_poster/public/p2504300654.jpg
超大号美人,6.3,https://movie.douban.com/subject/27021609/,https://img3.doubanio.com/view/photo/s_ratio_poster/public/p2512993242.jpg
匿名者,6.3,https://movie.douban.com/subject/26722224/,https://img1.doubanio.com/view/photo/s_ratio_poster/public/p2519789189.jpg
星球大战8：最后的绝地武士,7.1,https://movie.douban.com/subject/22265634/,https://img1.doubanio.com/view/photo/s_ratio_poster/public/p2506694509.jpg
她不知道名字的那些鸟儿,6.8,https://movie.douban.com/subject/26928304/,https://img3.doubanio.com/view/photo/s_ratio_poster/public/p2503127230.jpg
牵牛花与加濑同学,7.3,https://movie.douban.com/subject/26999591/,https://img3.doubanio.com/view/photo/s_ratio_poster/public/p2450467970.jpg
缝纫机乐队,6.6,https://movie.douban.com/subject/26926321/,https://img3.doubanio.com/view/photo/s_ratio_poster/public/p2498558511.jpg
深海越狱,4.3,https://movie.douban.com/subject/26949264/,https://img3.doubanio.com/view/photo/s_ratio_poster/public/p2521514516.jpg
玛丽・雪莱,6.2,https://movie.douban.com/subject/25944273/,https://img3.doubanio.com/view/photo/s_ratio_poster/public/p2519114886.jpg
英伦对决,7.1,https://movie.douban.com/subject/25723583/,https://img3.doubanio.com/view/photo/s_ratio_poster/public/p2499135561.jpg
神偷联盟,7.1,https://movie.douban.com/subject/26723165/,https://img3.doubanio.com/view/photo/s_ratio_poster/public/p2494580762.jpg
电锯惊魂8：竖锯,6.8,https://movie.douban.com/subject/25788426/,https://img3.doubanio.com/view/photo/s_ratio_poster/public/p2499761124.jpg
智慧囚屋,5.6,https://movie.douban.com/subject/26791644/,https://img1.doubanio.com/view/photo/s_ratio_poster/public/p2525687168.jpg
天上再见,8.1,https://movie.douban.com/subject/26731376/,https://img3.doubanio.com/view/photo/s_ratio_poster/public/p2519715106.jpg
银魂,7.0,https://movie.douban.com/subject/26816086/,https://img1.doubanio.com/view/photo/s_ratio_poster/public/p2497751588.jpg
南极之恋,6.7,https://movie.douban.com/subject/26628329/,https://img3.doubanio.com/view/photo/s_ratio_poster/public/p2518028103.jpg
妖铃铃,4.3,https://movie.douban.com/subject/26966580/,https://img3.doubanio.com/view/photo/s_ratio_poster/public/p2506825662.jpg
星际特工：千星之城,7.0,https://movie.douban.com/subject/11502973/,https://img3.doubanio.com/view/photo/s_ratio_poster/public/p2496088130.jpg
通勤营救,6.6,https://movie.douban.com/subject/7056414/,https://img3.doubanio.com/view/photo/s_ratio_poster/public/p2517770792.jpg
啊，荒野 前篇,8.2,https://movie.douban.com/subject/26842503/,https://img3.doubanio.com/view/photo/s_ratio_poster/public/p2493381063.jpg
王牌保镖,7.2,https://movie.douban.com/subject/22266126/,https://img3.doubanio.com/view/photo/s_ratio_poster/public/p2498055621.jpg
抹大拉的玛丽亚,6.0,https://movie.douban.com/subject/26721664/,https://img3.doubanio.com/view/photo/s_ratio_poster/public/p2507817402.jpg
十万个冷笑话2,7.3,https://movie.douban.com/subject/26759539/,https://img3.doubanio.com/view/photo/s_ratio_poster/public/p2492917402.jpg
熊出没・变形记,6.8,https://movie.douban.com/subject/27176717/,https://img3.doubanio.com/view/photo/s_ratio_poster/public/p2506889386.jpg
杀人者的记忆法,7.4,https://movie.douban.com/subject/26391916/,https://img1.doubanio.com/view/photo/s_ratio_poster/public/p2502854299.jpg
我是你妈,5.0,https://movie.douban.com/subject/26968024/,https://img3.doubanio.com/view/photo/s_ratio_poster/public/p2520372116.jpg
军舰岛,7.7,https://movie.douban.com/subject/26445216/,https://img1.doubanio.com/view/photo/s_ratio_poster/public/p2462745948.jpg
罪途1之死亡列车,6.9,https://movie.douban.com/subject/27097816/,https://img1.doubanio.com/view/photo/s_ratio_poster/public/p2521612839.jpg
二代妖精之今生有幸,5.5,https://movie.douban.com/subject/26797419/,https://img1.doubanio.com/view/photo/s_ratio_poster/public/p2507022339.jpg
祖宗十九代,4.3,https://movie.douban.com/subject/27114417/,https://img3.doubanio.com/view/photo/s_ratio_poster/public/p2511436594.jpg
陈翔六点半之铁头无敌,6.2,https://movie.douban.com/subject/30223596/,https://img3.doubanio.com/view/photo/s_ratio_poster/public/p2522275201.jpg
奇门遁甲,4.4,https://movie.douban.com/subject/26661191/,https://img3.doubanio.com/view/photo/s_ratio_poster/public/p2507566212.jpg
怜悯,6.8,https://movie.douban.com/subject/26313982/,https://img3.doubanio.com/view/photo/s_ratio_poster/public/p2505143522.jpg
迷失地铁,6.0,https://movie.douban.com/subject/30242549/,https://img3.doubanio.com/view/photo/s_ratio_poster/public/p2525581412.jpg
老师！我可以喜欢你吗？,6.3,https://movie.douban.com/subject/26901234/,https://img1.doubanio.com/view/photo/s_ratio_poster/public/p2503127267.jpg
21克拉,4.7,https://movie.douban.com/subject/26691361/,https://img1.doubanio.com/view/photo/s_ratio_poster/public/p2518945837.jpg
忍者蝙蝠侠,7.0,https://movie.douban.com/subject/27160683/,https://img3.doubanio.com/view/photo/s_ratio_poster/public/p2506695706.jpg
迷镇凶案,6.1,https://movie.douban.com/subject/2133433/,https://img1.doubanio.com/view/photo/s_ratio_poster/public/p2508546069.jpg
赛马皮特,7.7,https://movie.douban.com/subject/26410683/,https://img3.doubanio.com/view/photo/s_ratio_poster/public/p2497784535.jpg
遇见你真好,4.6,https://movie.douban.com/subject/26967920/,https://img1.doubanio.com/view/photo/s_ratio_poster/public/p2516082047.jpg
老兽,7.0,https://movie.douban.com/subject/26957500/,https://img3.doubanio.com/view/photo/s_ratio_poster/public/p2507370070.jpg
巨额来电,5.7,https://movie.douban.com/subject/26985857/,https://img1.doubanio.com/view/photo/s_ratio_poster/public/p2505456879.jpg
小公女,7.9,https://movie.douban.com/subject/27017288/,https://img3.doubanio.com/view/photo/s_ratio_poster/public/p2513982852.jpg
公牛历险记,7.2,https://movie.douban.com/subject/25846857/,https://img3.doubanio.com/view/photo/s_ratio_poster/public/p2510825300.jpg
花滑女王,6.9,https://movie.douban.com/subject/27196380/,https://img3.doubanio.com/view/photo/s_ratio_poster/public/p2517485270.jpg
给19岁的我自己,4.9,https://movie.douban.com/subject/26931155/,https://img3.doubanio.com/view/photo/s_ratio_poster/public/p2521030550.jpg
缩小人生,5.4,https://movie.douban.com/subject/3578939/,https://img3.doubanio.com/view/photo/s_ratio_poster/public/p2505684182.jpg
极恶非道3,7.3,https://movie.douban.com/subject/26862893/,https://img1.doubanio.com/view/photo/s_ratio_poster/public/p2493086298.jpg
美国行动,7.4,https://movie.douban.com/subject/26304310/,https://img3.doubanio.com/view/photo/s_ratio_poster/public/p2495211154.jpg
口径,5.8,https://movie.douban.com/subject/27109388/,https://img3.doubanio.com/view/photo/s_ratio_poster/public/p2526481065.jpg
最后的食谱 麒麟之舌的记忆,7.3,https://movie.douban.com/subject/26837951/,https://img1.doubanio.com/view/photo/s_ratio_poster/public/p2499251378.jpg
寻找罗麦,4.3,https://movie.douban.com/subject/25727544/,https://img3.doubanio.com/view/photo/s_ratio_poster/public/p2518268771.jpg
犯罪都市,7.3,https://movie.douban.com/subject/26946510/,https://img3.doubanio.com/view/photo/s_ratio_poster/public/p2509837760.jpg
火狐一号出击,6.0,https://movie.douban.com/subject/26845946/,https://img3.doubanio.com/view/photo/s_ratio_poster/public/p2514065113.jpg
欣快,6.5,https://movie.douban.com/subject/26789025/,https://img3.doubanio.com/view/photo/s_ratio_poster/public/p2508259185.jpg
一呼一吸,7.3,https://movie.douban.com/subject/26806528/,https://img1.doubanio.com/view/photo/s_ratio_poster/public/p2493495877.jpg
母亲！,6.6,https://movie.douban.com/subject/26648284/,https://img3.doubanio.com/view/photo/s_ratio_poster/public/p2495457265.jpg
全球风暴,6.0,https://movie.douban.com/subject/22266012/,https://img3.doubanio.com/view/photo/s_ratio_poster/public/p2501769525.jpg
伊藤君A到E,4.7,https://movie.douban.com/subject/27059078/,https://img3.doubanio.com/view/photo/s_ratio_poster/public/p2500978294.jpg
骗子,7.2,https://movie.douban.com/subject/26770697/,https://img3.doubanio.com/view/photo/s_ratio_poster/public/p2503067864.jpg
杀破狼・贪狼,7.1,https://movie.douban.com/subject/26826398/,https://img3.doubanio.com/view/photo/s_ratio_poster/public/p2494948513.jpg
失心病狂,6.5,https://movie.douban.com/subject/27092551/,https://img3.doubanio.com/view/photo/s_ratio_poster/public/p2517322312.jpg
贼巢,7.2,https://movie.douban.com/subject/3143727/,https://img3.doubanio.com/view/photo/s_ratio_poster/public/p2509782231.jpg
马柔本宅秘事,7.0,https://movie.douban.com/subject/26961821/,https://img3.doubanio.com/view/photo/s_ratio_poster/public/p2456908524.jpg
汉娜,6.7,https://movie.douban.com/subject/26594205/,https://img3.doubanio.com/view/photo/s_ratio_poster/public/p2512499560.jpg
无名战士,7.7,https://movie.douban.com/subject/26595806/,https://img3.doubanio.com/view/photo/s_ratio_poster/public/p2519266002.jpg
猛龙怪客,6.8,https://movie.douban.com/subject/3078549/,https://img3.doubanio.com/view/photo/s_ratio_poster/public/p2509632710.jpg
马斯顿教授与神奇女侠,7.9,https://movie.douban.com/subject/26965165/,https://img1.doubanio.com/view/photo/s_ratio_poster/public/p2502244869.jpg
复仇,5.9,https://movie.douban.com/subject/27109501/,https://img3.doubanio.com/view/photo/s_ratio_poster/public/p2499431125.jpg
火花,6.0,https://movie.douban.com/subject/26974725/,https://img3.doubanio.com/view/photo/s_ratio_poster/public/p2461727054.jpg
牵线,6.6,https://movie.douban.com/subject/26852090/,https://img1.doubanio.com/view/photo/s_ratio_poster/public/p2522287689.jpg
啊，荒野 后篇,8.4,https://movie.douban.com/subject/27030639/,https://img3.doubanio.com/view/photo/s_ratio_poster/public/p2500978171.jpg
妈妈咪鸭,7.0,https://movie.douban.com/subject/26603666/,https://img3.doubanio.com/view/photo/s_ratio_poster/public/p2515018270.jpg
命运之夜 天之杯 第一章,8.6,https://movie.douban.com/subject/25937991/,https://img3.doubanio.com/view/photo/s_ratio_poster/public/p2494483825.jpg
12勇士,6.7,https://movie.douban.com/subject/3660130/,https://img1.doubanio.com/view/photo/s_ratio_poster/public/p2502530749.jpg
海德女士,5.6,https://movie.douban.com/subject/26633218/,https://img3.doubanio.com/view/photo/s_ratio_poster/public/p2509328475.jpg
扎马,7.0,https://movie.douban.com/subject/24719134/,https://img1.doubanio.com/view/photo/s_ratio_poster/public/p2500538519.jpg
机器之血,4.7,https://movie.douban.com/subject/26729868/,https://img1.doubanio.com/view/photo/s_ratio_poster/public/p2505785547.jpg
潜伏4：锁命亡灵,5.9,https://movie.douban.com/subject/26794994/,https://img3.doubanio.com/view/photo/s_ratio_poster/public/p2498335046.jpg
底特律,7.9,https://movie.douban.com/subject/26718836/,https://img3.doubanio.com/view/photo/s_ratio_poster/public/p2455077133.jpg
每一天,6.4,https://movie.douban.com/subject/27069675/,https://img3.doubanio.com/view/photo/s_ratio_poster/public/p2509493582.jpg
超乎想象,7.0,https://movie.douban.com/subject/26988868/,https://img1.doubanio.com/view/photo/s_ratio_poster/public/p2503852797.jpg
使徒保罗,7.0,https://movie.douban.com/subject/27181795/,https://img3.doubanio.com/view/photo/s_ratio_poster/public/p2514371206.jpg
七十七天,6.4,https://movie.douban.com/subject/26426026/,https://img3.doubanio.com/view/photo/s_ratio_poster/public/p2503551480.jpg
南汉山城,7.8,https://movie.douban.com/subject/26800978/,https://img1.doubanio.com/view/photo/s_ratio_poster/public/p2505021598.jpg
自杀小队：严厉惩罚,7.4,https://movie.douban.com/subject/27098363/,https://img3.doubanio.com/view/photo/s_ratio_poster/public/p2519931276.jpg
齐木楠雄的灾难 真人版,5.4,https://movie.douban.com/subject/26425035/,https://img3.doubanio.com/view/photo/s_ratio_poster/public/p2485744460.jpg
好朋友,7.5,https://movie.douban.com/subject/30172472/,https://img3.doubanio.com/view/photo/s_ratio_poster/public/p2516560274.jpg
文集,7.6,https://movie.douban.com/subject/27621192/,https://img1.doubanio.com/view/photo/s_ratio_poster/public/p2510047589.jpg
血十三,4.3,https://movie.douban.com/subject/26888820/,https://img3.doubanio.com/view/photo/s_ratio_poster/public/p2523516430.jpg
亲爱的，我要和别人结婚了,4.0,https://movie.douban.com/subject/27608425/,https://img3.doubanio.com/view/photo/s_ratio_poster/public/p2522261432.jpg
海滩的一天,8.3,https://movie.douban.com/subject/1298871/,https://img3.doubanio.com/view/photo/s_ratio_poster/public/p2491461655.jpg
亲吻亭,6.5,https://movie.douban.com/subject/26969244/,https://img1.doubanio.com/view/photo/s_ratio_poster/public/p2520915398.jpg
追捕,4.5,https://movie.douban.com/subject/26348414/,https://img3.doubanio.com/view/photo/s_ratio_poster/public/p2504984545.jpg
东京食尸鬼 真人版,5.6,https://movie.douban.com/subject/26817016/,https://img1.doubanio.com/view/photo/s_ratio_poster/public/p2480765579.jpg
安娜贝尔2：诞生,6.4,https://movie.douban.com/subject/26644205/,https://img3.doubanio.com/view/photo/s_ratio_poster/public/p2465524814.jpg
空天猎,5.1,https://movie.douban.com/subject/26753020/,https://img1.doubanio.com/view/photo/s_ratio_poster/public/p2499163778.jpg
猎杀星期一,6.9,https://movie.douban.com/subject/7154408/,https://img1.doubanio.com/view/photo/s_ratio_poster/public/p2494970558.jpg
你好布拉德,7.6,https://movie.douban.com/subject/26981174/,https://img3.doubanio.com/view/photo/s_ratio_poster/public/p2497190395.jpg
我想吃掉你的胰脏,6.6,https://movie.douban.com/subject/26869119/,https://img3.doubanio.com/view/photo/s_ratio_poster/public/p2459591803.jpg
破・局,6.2,https://movie.douban.com/subject/26760160/,https://img3.doubanio.com/view/photo/s_ratio_poster/public/p2496288510.jpg
无巧不成婚,7.2,https://movie.douban.com/subject/26933356/,https://img3.doubanio.com/view/photo/s_ratio_poster/public/p2515609231.jpg
游戏人生ZERO,8.5,https://movie.douban.com/subject/26837952/,https://img3.doubanio.com/view/photo/s_ratio_poster/public/p2441007626.jpg
再见，克里斯托弗・罗宾,7.7,https://movie.douban.com/subject/26389152/,https://img3.doubanio.com/view/photo/s_ratio_poster/public/p2461791740.jpg
精灵宝可梦：就决定是你了,7.7,https://movie.douban.com/subject/26937474/,https://img3.doubanio.com/view/photo/s_ratio_poster/public/p2509833353.jpg
杀人优越权,6.8,https://movie.douban.com/subject/26858970/,https://img1.doubanio.com/view/photo/s_ratio_poster/public/p2490695627.jpg
记忆之夜,7.2,https://movie.douban.com/subject/27047871/,https://img3.doubanio.com/view/photo/s_ratio_poster/public/p2500345435.jpg
终端,5.4,https://movie.douban.com/subject/26726589/,https://img3.doubanio.com/view/photo/s_ratio_poster/public/p2517557233.jpg
奇葩朵朵,4.2,https://movie.douban.com/subject/26718803/,https://img1.doubanio.com/view/photo/s_ratio_poster/public/p2517691297.jpg
权力的游戏：征服与反抗,7.5,https://movie.douban.com/subject/27605669/,https://img1.doubanio.com/view/photo/s_ratio_poster/public/p2508656697.jpg
德九,7.5,https://movie.douban.com/subject/30146843/,https://img3.doubanio.com/view/photo/s_ratio_poster/public/p2514413785.jpg
果戈里・起点,6.9,https://movie.douban.com/subject/27132709/,https://img3.doubanio.com/view/photo/s_ratio_poster/public/p2498475310.jpg
侠盗联盟,5.2,https://movie.douban.com/subject/25858758/,https://img1.doubanio.com/view/photo/s_ratio_poster/public/p2494018217.jpg
雪人,5.1,https://movie.douban.com/subject/6981146/,https://img1.doubanio.com/view/photo/s_ratio_poster/public/p2493372368.jpg
趴体生活,5.3,https://movie.douban.com/subject/26833227/,https://img1.doubanio.com/view/photo/s_ratio_poster/public/p2517458919.jpg
柯达克罗姆胶卷,7.5,https://movie.douban.com/subject/21349343/,https://img3.doubanio.com/view/photo/s_ratio_poster/public/p2517550672.jpg
十八洞村,7.0,https://movie.douban.com/subject/27148198/,https://img3.doubanio.com/view/photo/s_ratio_poster/public/p2500910835.jpg
淹没,6.2,https://movie.douban.com/subject/26656371/,https://img3.doubanio.com/view/photo/s_ratio_poster/public/p2510411684.jpg
他是她, 她是他,6.1,https://movie.douban.com/subject/27109556/,https://img1.doubanio.com/view/photo/s_ratio_poster/public/p2495693179.jpg
科洛弗悖论,5.9,https://movie.douban.com/subject/21328095/,https://img1.doubanio.com/view/photo/s_ratio_poster/public/p2512711499.jpg
那年八岁,7.2,https://movie.douban.com/subject/26841305/,https://img3.doubanio.com/view/photo/s_ratio_poster/public/p2505024115.jpg
方法派,6.6,https://movie.douban.com/subject/27094896/,https://img3.doubanio.com/view/photo/s_ratio_poster/public/p2502082901.jpg
青年警察,7.2,https://movie.douban.com/subject/26892281/,https://img1.doubanio.com/view/photo/s_ratio_poster/public/p2496271058.jpg
爱，不由自主,5.8,https://movie.douban.com/subject/26834122/,https://img3.doubanio.com/view/photo/s_ratio_poster/public/p2495124190.jpg
英雄本色2018,4.7,https://movie.douban.com/subject/26827040/,https://img3.doubanio.com/view/photo/s_ratio_poster/public/p2508615612.jpg
亚人 真人版,6.7,https://movie.douban.com/subject/26864096/,https://img3.doubanio.com/view/photo/s_ratio_poster/public/p2497206856.jpg
华氏451,5.2,https://movie.douban.com/subject/27026132/,https://img3.doubanio.com/view/photo/s_ratio_poster/public/p2523069716.jpg
天作凶杀案,7.1,https://movie.douban.com/subject/27133050/,https://img1.doubanio.com/view/photo/s_ratio_poster/public/p2502001758.jpg
辣手保姆,6.7,https://movie.douban.com/subject/26704621/,https://img3.doubanio.com/view/photo/s_ratio_poster/public/p2500890954.jpg
早期人类,6.2,https://movie.douban.com/subject/26384292/,https://img3.doubanio.com/view/photo/s_ratio_poster/public/p2498475174.jpg
鲛珠传,4.3,https://movie.douban.com/subject/25857966/,https://img1.doubanio.com/view/photo/s_ratio_poster/public/p2493908018.jpg
摇曳的心,6.9,https://movie.douban.com/subject/26926304/,https://img3.doubanio.com/view/photo/s_ratio_poster/public/p2457076551.jpg
杰罗德游戏,6.2,https://movie.douban.com/subject/26602795/,https://img1.doubanio.com/view/photo/s_ratio_poster/public/p2499048409.jpg
猫与桃花源,6.1,https://movie.douban.com/subject/27114911/,https://img3.doubanio.com/view/photo/s_ratio_poster/public/p2517516405.jpg
妮娜,7.1,https://movie.douban.com/subject/28461121/,https://img3.doubanio.com/view/photo/s_ratio_poster/public/p2512596311.jpg
见爱不怪,6.5,https://movie.douban.com/subject/26790564/,https://img3.doubanio.com/view/photo/s_ratio_poster/public/p2521675870.jpg
玻璃城堡,7.5,https://movie.douban.com/subject/10743963/,https://img3.doubanio.com/view/photo/s_ratio_poster/public/p2459907602.jpg
密战,4.2,https://movie.douban.com/subject/26316956/,https://img1.doubanio.com/view/photo/s_ratio_poster/public/p2502474177.jpg
15点17分，启程巴黎,5.5,https://movie.douban.com/subject/27028934/,https://img3.doubanio.com/view/photo/s_ratio_poster/public/p2508324636.jpg
性别之战,6.7,https://movie.douban.com/subject/26372319/,https://img3.doubanio.com/view/photo/s_ratio_poster/public/p2481987905.jpg
印度艳后,6.8,https://movie.douban.com/subject/27156513/,https://img1.doubanio.com/view/photo/s_ratio_poster/public/p2511659157.jpg
机动战士高达THE ORIGIN 赤色彗星诞生,8.7,https://movie.douban.com/subject/26920182/,https://img3.doubanio.com/view/photo/s_ratio_poster/public/p2518242401.jpg
胡杨的夏天,4.7,https://movie.douban.com/subject/27042526/,https://img3.doubanio.com/view/photo/s_ratio_poster/public/p2502172705.jpg
西尔玛,6.7,https://movie.douban.com/subject/26755583/,https://img1.doubanio.com/view/photo/s_ratio_poster/public/p2498381107.jpg
罪途3之正义规则,6.7,https://movie.douban.com/subject/30221703/,https://img1.doubanio.com/view/photo/s_ratio_poster/public/p2522096027.jpg
霹雳奇幻 生死一剑,8.1,https://movie.douban.com/subject/26887055/,https://img1.doubanio.com/view/photo/s_ratio_poster/public/p2518143759.jpg
温彻斯特,5.1,https://movie.douban.com/subject/3387688/,https://img1.doubanio.com/view/photo/s_ratio_poster/public/p2512558317.jpg
黑暗之中,5.7,https://movie.douban.com/subject/26824001/,https://img3.doubanio.com/view/photo/s_ratio_poster/public/p2521191021.jpg
那就是我的世界,7.6,https://movie.douban.com/subject/26980827/,https://img3.doubanio.com/view/photo/s_ratio_poster/public/p2508367896.jpg
外国佬,5.8,https://movie.douban.com/subject/26684021/,https://img3.doubanio.com/view/photo/s_ratio_poster/public/p2508237282.jpg
永远是我的女孩,5.9,https://movie.douban.com/subject/27064880/,https://img3.doubanio.com/view/photo/s_ratio_poster/public/p2499583872.jpg
遗忘诗行,7.7,https://movie.douban.com/subject/27123688/,https://img3.doubanio.com/view/photo/s_ratio_poster/public/p2499583951.jpg
光灵,6.2,https://movie.douban.com/subject/26739551/,https://img3.doubanio.com/view/photo/s_ratio_poster/public/p2504474084.jpg
消失的夜晚,6.7,https://movie.douban.com/subject/27040735/,https://img3.doubanio.com/view/photo/s_ratio_poster/public/p2512145234.jpg
JOJO的奇妙冒险：不灭钻石 第一章,5.7,https://movie.douban.com/subject/10460270/,https://img1.doubanio.com/view/photo/s_ratio_poster/public/p2461817818.jpg
灵异空间,5.3,https://movie.douban.com/subject/26635304/,https://img3.doubanio.com/view/photo/s_ratio_poster/public/p2494250572.jpg
再见十八班,6.7,https://movie.douban.com/subject/30159456/,https://img3.doubanio.com/view/photo/s_ratio_poster/public/p2515316360.jpg
罪途2之救赎代价,6.7,https://movie.douban.com/subject/30219670/,https://img3.doubanio.com/view/photo/s_ratio_poster/public/p2521828661.jpg
记得我,5.2,https://movie.douban.com/subject/26657440/,https://img3.doubanio.com/view/photo/s_ratio_poster/public/p2516461804.jpg
完美音调3,5.9,https://movie.douban.com/subject/26365022/,https://img3.doubanio.com/view/photo/s_ratio_poster/public/p2467159410.jpg
红衣小女孩2,6.5,https://movie.douban.com/subject/26928198/,https://img3.doubanio.com/view/photo/s_ratio_poster/public/p2447040173.jpg
游戏结束，老兄！,5.9,https://movie.douban.com/subject/26961848/,https://img3.doubanio.com/view/photo/s_ratio_poster/public/p2509705531.jpg
狂兽,4.9,https://movie.douban.com/subject/26747274/,https://img1.doubanio.com/view/photo/s_ratio_poster/public/p2502374737.jpg
念力,5.5,https://movie.douban.com/subject/26864178/,https://img3.doubanio.com/view/photo/s_ratio_poster/public/p2504593595.jpg
黑暗塔,5.0,https://movie.douban.com/subject/4943938/,https://img1.doubanio.com/view/photo/s_ratio_poster/public/p2480303169.jpg
豆福传,5.8,https://movie.douban.com/subject/26705107/,https://img3.doubanio.com/view/photo/s_ratio_poster/public/p2494279975.jpg
一江春水向东流,8.4,https://movie.douban.com/subject/1389915/,https://img1.doubanio.com/view/photo/s_ratio_poster/public/p2503175729.jpg
钢之炼金术师,4.6,https://movie.douban.com/subject/26761256/,https://img1.doubanio.com/view/photo/s_ratio_poster/public/p2498172067.jpg
关原之战,7.0,https://movie.douban.com/subject/26852888/,https://img3.doubanio.com/view/photo/s_ratio_poster/public/p2455501032.jpg
表情奇幻冒险,5.2,https://movie.douban.com/subject/26577354/,https://img1.doubanio.com/view/photo/s_ratio_poster/public/p2473065458.jpg
我是好人,7.0,https://movie.douban.com/subject/27666671/,https://img1.doubanio.com/view/photo/s_ratio_poster/public/p2510711938.jpg
想成为奥田民生的男孩和让男人痴狂的女孩,5.3,https://movie.douban.com/subject/26798367/,https://img3.doubanio.com/view/photo/s_ratio_poster/public/p2456042061.jpg
钱袋,6.6,https://movie.douban.com/subject/26767358/,https://img3.doubanio.com/view/photo/s_ratio_poster/public/p2514687425.jpg
跨越8年的新娘,7.1,https://movie.douban.com/subject/26929835/,https://img1.doubanio.com/view/photo/s_ratio_poster/public/p2462852467.jpg
圣诞奇妙公司,6.7,https://movie.douban.com/subject/27011205/,https://img3.doubanio.com/view/photo/s_ratio_poster/public/p2505778884.jpg
靶场,5.8,https://movie.douban.com/subject/27103212/,https://img3.doubanio.com/view/photo/s_ratio_poster/public/p2518428875.jpg
准备,7.6,https://movie.douban.com/subject/27054071/,https://img3.doubanio.com/view/photo/s_ratio_poster/public/p2504043246.jpg
天生不对,4.0,https://movie.douban.com/subject/26696871/,https://img1.doubanio.com/view/photo/s_ratio_poster/public/p2503848298.jpg
冠军,6.1,https://movie.douban.com/subject/27129663/,https://img3.doubanio.com/view/photo/s_ratio_poster/public/p2518254284.jpg
代码211,4.3,https://movie.douban.com/subject/27040826/,https://img1.doubanio.com/view/photo/s_ratio_poster/public/p2520175957.jpg
大乐师．为爱配乐,5.9,https://movie.douban.com/subject/26895406/,https://img3.doubanio.com/view/photo/s_ratio_poster/public/p2507739325.jpg
缄默,4.8,https://movie.douban.com/subject/3824344/,https://img3.doubanio.com/view/photo/s_ratio_poster/public/p2512283982.jpg
我爱你，老爸,7.1,https://movie.douban.com/subject/27114850/,https://img3.doubanio.com/view/photo/s_ratio_poster/public/p2501191251.jpg
黑森灵,6.1,https://movie.douban.com/subject/27078344/,https://img3.doubanio.com/view/photo/s_ratio_poster/public/p2512008984.jpg
捷德奥特曼 剧场版：连接吧！心愿！！,5.7,https://movie.douban.com/subject/27621616/,https://img1.doubanio.com/view/photo/s_ratio_poster/public/p2509633109.jpg
飓风奇劫,6.0,https://movie.douban.com/subject/26793385/,https://img1.doubanio.com/view/photo/s_ratio_poster/public/p2512005529.jpg
机动战士高达THE ORIGIN V 激战 鲁姆战役篇,8.7,https://movie.douban.com/subject/26919026/,https://img3.doubanio.com/view/photo/s_ratio_poster/public/p2499505254.jpg
索马里海盗,6.3,https://movie.douban.com/subject/26747451/,https://img3.doubanio.com/view/photo/s_ratio_poster/public/p2504626103.jpg
南瓜与蛋黄酱,6.3,https://movie.douban.com/subject/26989730/,https://img3.doubanio.com/view/photo/s_ratio_poster/public/p2497887494.jpg
